{"cameraMode":{"drawMode":0,"name":"Shaded","section":"Shading Mode"},"sceneLighting":false,"audioPlay":false,"sceneViewState":{"showFog":false,"showMaterialUpdate":false,"showSkybox":false,"showFlares":false,"showImageEffects":false,"showParticleSystems":false},"in2DMode":false,"pivot":{"x":-0.75826096534729,"y":0.08900491148233414,"z":1.5410817861557007},"rotation":{"x":-0.08353140205144882,"y":-0.9132489562034607,"z":0.31926238536834719,"w":-0.23893103003501893},"size":1.6187584400177003,"orthographic":false}