{"cameraMode":{"drawMode":0,"name":"Shaded","section":"Shading Mode"},"sceneLighting":false,"audioPlay":false,"sceneViewState":{"showFog":false,"showMaterialUpdate":false,"showSkybox":false,"showFlares":false,"showImageEffects":false,"showParticleSystems":false},"in2DMode":false,"pivot":{"x":1239.1400146484375,"y":575.0,"z":1228.9447021484375},"rotation":{"x":-0.042297206819057468,"y":0.005091496277600527,"z":-0.0002183046453865245,"w":-0.9991074800491333},"size":2229.115234375,"orthographic":false}