{"cameraMode":{"drawMode":0,"name":"Shaded","section":"Shading Mode"},"sceneLighting":false,"audioPlay":false,"sceneViewState":{"showFog":false,"showMaterialUpdate":false,"showSkybox":false,"showFlares":false,"showImageEffects":false,"showParticleSystems":false},"in2DMode":false,"pivot":{"x":1.0528602600097657,"y":-0.98232102394104,"z":1.0506987571716309},"rotation":{"x":-0.15020407736301423,"y":-0.7614196538925171,"z":0.19021818041801454,"w":-0.6012492775917053},"size":1.619537115097046,"orthographic":false}