{"cameraMode":{"drawMode":0,"name":"Shaded","section":"Shading Mode"},"sceneLighting":true,"audioPlay":false,"sceneViewState":{"showFog":false,"showMaterialUpdate":false,"showSkybox":true,"showFlares":false,"showImageEffects":false,"showParticleSystems":false},"in2DMode":false,"pivot":{"x":-0.14767563343048097,"y":-0.2218860685825348,"z":0.7054163217544556},"rotation":{"x":-0.193864107131958,"y":0.12851284444332124,"z":-0.025599922984838487,"w":-0.9722660183906555},"size":4.8232245445251469,"orthographic":false}