{"cameraMode":{"drawMode":0,"name":"Shaded","section":"Shading Mode"},"sceneLighting":true,"audioPlay":false,"sceneViewState":{"showFog":false,"showMaterialUpdate":false,"showSkybox":false,"showFlares":false,"showImageEffects":false,"showParticleSystems":false},"in2DMode":false,"pivot":{"x":0.58066326379776,"y":0.08382150530815125,"z":2.6570699214935304},"rotation":{"x":-0.11974146217107773,"y":0.06755273044109345,"z":-0.008166656829416752,"w":-0.990470826625824},"size":1.103851318359375,"orthographic":false}