{"cameraMode":{"drawMode":0,"name":"Shaded","section":"Shading Mode"},"sceneLighting":false,"audioPlay":false,"sceneViewState":{"showFog":false,"showMaterialUpdate":false,"showSkybox":false,"showFlares":false,"showImageEffects":false,"showParticleSystems":false},"in2DMode":false,"pivot":{"x":438.31854248046877,"y":259.93817138671877,"z":99.05009460449219},"rotation":{"x":-0.10497496277093888,"y":-0.05159404128789902,"z":0.005448666866868734,"w":-0.9931328892707825},"size":805.9269409179688,"orthographic":false}