{"cameraMode":{"drawMode":0,"name":"Shaded","section":"Shading Mode"},"sceneLighting":false,"audioPlay":false,"sceneViewState":{"showFog":false,"showMaterialUpdate":false,"showSkybox":false,"showFlares":false,"showImageEffects":false,"showParticleSystems":false},"in2DMode":false,"pivot":{"x":1206.1275634765625,"y":563.2703857421875,"z":-1227.8824462890625},"rotation":{"x":-0.009303143247961998,"y":0.03658708557486534,"z":-0.00034556028549559414,"w":-0.9993005394935608},"size":1810.9976806640625,"orthographic":false}