{"cameraMode":{"drawMode":0,"name":"Shaded","section":"Shading Mode"},"sceneLighting":false,"audioPlay":false,"sceneViewState":{"showFog":false,"showMaterialUpdate":false,"showSkybox":false,"showFlares":false,"showImageEffects":false,"showParticleSystems":false},"in2DMode":false,"pivot":{"x":-58.0886116027832,"y":1.8921432495117188,"z":-31.484188079833986},"rotation":{"x":-0.1982235163450241,"y":-0.44959136843681338,"z":0.1030469462275505,"w":-0.8648452162742615},"size":8.148821830749512,"orthographic":false}