{"cameraMode":{"drawMode":0,"name":"Shaded","section":"Shading Mode"},"sceneLighting":false,"audioPlay":false,"sceneViewState":{"showFog":false,"showMaterialUpdate":false,"showSkybox":false,"showFlares":false,"showImageEffects":false,"showParticleSystems":false},"in2DMode":false,"pivot":{"x":0.4664817452430725,"y":-0.16345903277397157,"z":0.5823476314544678},"rotation":{"x":-0.16547496616840363,"y":-0.2678893208503723,"z":0.04675254225730896,"w":-0.947992742061615},"size":2.804016590118408,"orthographic":false}