{"cameraMode":{"drawMode":0,"name":"Shaded","section":"Shading Mode"},"sceneLighting":false,"audioPlay":false,"sceneViewState":{"showFog":false,"showMaterialUpdate":false,"showSkybox":false,"showFlares":false,"showImageEffects":false,"showParticleSystems":false},"in2DMode":false,"pivot":{"x":1238.8900146484375,"y":575.0,"z":1227.3824462890625},"rotation":{"x":-0.09217590093612671,"y":-0.32869699597358706,"z":0.032254889607429507,"w":-0.9393986463546753},"size":1449.6209716796875,"orthographic":false}