{"cameraMode":{"drawMode":0,"name":"Shaded","section":"Shading Mode"},"sceneLighting":false,"audioPlay":false,"sceneViewState":{"showFog":false,"showMaterialUpdate":false,"showSkybox":false,"showFlares":false,"showImageEffects":false,"showParticleSystems":false},"in2DMode":false,"pivot":{"x":1238.8900146484375,"y":575.0,"z":1227.3824462890625},"rotation":{"x":-0.05674176663160324,"y":-0.3367329239845276,"z":0.020332764834165574,"w":-0.9396960139274597},"size":1840.11083984375,"orthographic":false}