{"cameraMode":{"drawMode":0,"name":"Shaded","section":"Shading Mode"},"sceneLighting":false,"audioPlay":false,"sceneViewState":{"showFog":false,"showMaterialUpdate":false,"showSkybox":false,"showFlares":false,"showImageEffects":false,"showParticleSystems":false},"in2DMode":false,"pivot":{"x":0.9704416394233704,"y":-0.08127359300851822,"z":0.16034412384033204},"rotation":{"x":-0.0980457216501236,"y":-0.5077183842658997,"z":0.05828575789928436,"w":-0.8539509773254395},"size":1.0535051822662354,"orthographic":false}