{"cameraMode":{"drawMode":0,"name":"Shaded","section":"Shading Mode"},"sceneLighting":true,"audioPlay":false,"sceneViewState":{"showFog":false,"showMaterialUpdate":false,"showSkybox":true,"showFlares":false,"showImageEffects":false,"showParticleSystems":false},"in2DMode":false,"pivot":{"x":1577.052734375,"y":737.7559204101563,"z":-6.23215389251709},"rotation":{"x":0.029993722215294839,"y":0.028465010225772859,"z":-0.0008695133728906512,"w":0.999182939529419},"size":890.4140625,"orthographic":false}